run,case,satellites,window_s,allowance,input_json_bytes,init_min_us,init_median_us,init_max_us,init_requested_peak,init_requested_live,init_occupied_peak,init_occupied_live,init_calls,init_requested_total,init_failures,aggregate_min_us,aggregate_median_us,aggregate_max_us,aggregate_requested_peak,aggregate_requested_live,aggregate_occupied_peak,aggregate_occupied_live,aggregate_calls,aggregate_requested_total,aggregate_failures,evaluations,passes,candidates,searched,complete,observed_stack_min,observed_stack_max
1,0,4,3600,800000,1679,19808,19874,19881,10488,2792,10520,2824,35,18200,0,291540,291554,291555,3640,3640,3672,3672,3,848,0,252,1,1,4,1,5824,5824
1,1,4,86400,800000,1679,19786,19901,19928,10488,2792,10520,2824,35,18200,0,7125568,7126651,7126691,4088,4088,4120,4120,5,1296,0,5812,6,1,4,1,5824,5824
1,2,4,86400,1000,1679,19718,19785,19843,10488,2792,10520,2824,35,18200,0,817613,817618,817621,3640,3640,3672,3672,3,848,0,1000,2,1,1,0,5824,5824
1,3,4,86400,0,1679,19655,19880,19885,10488,2792,10520,2824,35,18200,0,189,190,193,3272,3272,3304,3304,1,480,0,0,0,0,0,0,5824,5824
1,4,8,3600,1600000,3331,38792,38801,38865,15959,5575,16024,5640,69,31447,0,585905,585946,585948,7351,7351,7416,7416,5,1776,0,500,3,1,8,1,5824,5824
1,5,8,86400,1600000,3331,38869,38894,38930,15959,5575,16024,5640,69,31447,0,14527775,14527805,14527807,8023,8023,8088,8088,8,2448,0,11616,13,1,8,1,5824,5824
1,6,8,86400,1000,3331,38685,38695,38699,15959,5575,16024,5640,69,31447,0,817566,817568,817571,6903,6903,6968,6968,3,1328,0,1000,2,1,1,0,5824,5824
1,7,8,86400,0,3331,38672,38725,38747,15959,5575,16024,5640,69,31447,0,195,195,199,6535,6535,6600,6600,1,960,0,0,0,0,0,0,5824,5824
2,0,4,3600,800000,1679,19808,19874,19881,10488,2792,10520,2824,35,18200,0,291540,291553,291555,3640,3640,3672,3672,3,848,0,252,1,1,4,1,5824,5824
2,1,4,86400,800000,1679,19786,19901,19928,10488,2792,10520,2824,35,18200,0,7125568,7126652,7126691,4088,4088,4120,4120,5,1296,0,5812,6,1,4,1,5824,5824
2,2,4,86400,1000,1679,19718,19785,19843,10488,2792,10520,2824,35,18200,0,817613,817617,817621,3640,3640,3672,3672,3,848,0,1000,2,1,1,0,5824,5824
2,3,4,86400,0,1679,19655,19880,19884,10488,2792,10520,2824,35,18200,0,190,190,193,3272,3272,3304,3304,1,480,0,0,0,0,0,0,5824,5824
2,4,8,3600,1600000,3331,38792,38801,38865,15959,5575,16024,5640,69,31447,0,585905,585945,585948,7351,7351,7416,7416,5,1776,0,500,3,1,8,1,5824,5824
2,5,8,86400,1600000,3331,38870,38894,38930,15959,5575,16024,5640,69,31447,0,14527775,14527804,14527807,8023,8023,8088,8088,8,2448,0,11616,13,1,8,1,5824,5824
2,6,8,86400,1000,3331,38685,38695,38699,15959,5575,16024,5640,69,31447,0,817566,817568,817571,6903,6903,6968,6968,3,1328,0,1000,2,1,1,0,5824,5824
2,7,8,86400,0,3331,38672,38725,38747,15959,5575,16024,5640,69,31447,0,195,195,199,6535,6535,6600,6600,1,960,0,0,0,0,0,0,5824,5824
