suite,case_id,operation,orbit,slots,age_days,window_s,detection_s,tolerance_ms,samples,min_us,median_us,max_us,evaluations,searches,passes
baseline,0,state_at,LEO,1,0,86400,0,0,3,867275,867296,867338,1441,0,0
baseline,1,state_at+ecef+look_angles,LEO,1,0,86400,0,0,3,1128320,1128321,1128344,1441,0,0
baseline,2,search_satellite,LEO,1,0,86400,60,5000,3,1178064,1178067,1178087,1497,1,7
baseline,3,state_at,resonant-HEO,1,0,86400,0,0,3,1773258,1773258,1773309,1441,0,0
baseline,4,state_at+ecef+look_angles,resonant-HEO,1,0,86400,0,0,3,2296749,2298447,2298492,1441,0,0
baseline,5,search_satellite,resonant-HEO,1,0,86400,60,5000,3,2374285,2374724,2375734,1449,1,1
baseline,6,state_at,GEO,1,0,86400,0,0,3,1510604,1510627,1515651,1441,0,0
baseline,7,state_at+ecef+look_angles,GEO,1,0,86400,0,0,3,1934661,1934729,1934767,1441,0,0
baseline,8,search_satellite,GEO,1,0,86400,60,5000,3,1940297,1940382,1940434,1441,1,0
baseline,9,state_at,GNSS,1,0,86400,0,0,3,1196421,1196421,1196446,1441,0,0
baseline,10,state_at+ecef+look_angles,GNSS,1,0,86400,0,0,3,1571701,1571714,1571730,1441,0,0
baseline,11,search_satellite,GNSS,1,0,86400,60,5000,3,1586260,1586529,1588043,1449,1,1
baseline,12,state_at+ecef+look_angles,mixed-repeated-fixtures,4,0,86400,0,0,3,6959130,6959246,6962643,5764,0,0
baseline,13,search_satellite,mixed-repeated-fixtures,4,0,86400,60,5000,3,6818684,6841015,6844626,5836,4,9
scaling-64,0,state_at+ecef+look_angles,mixed-repeated-fixtures,64,0,86400,0,0,3,110503525,110504830,110554367,92224,0,0
scaling-64,1,search_satellite,mixed-repeated-fixtures,64,0,86400,60,5000,3,109364388,109365837,109370164,93376,64,144
ages-leo,0,state_at+ecef+look_angles,LEO,1,-30,86400,0,0,3,1135826,1135837,1135889,1441,0,0
ages-leo,1,search_satellite,LEO,1,-30,86400,60,5000,3,1173282,1173302,1173302,1481,1,5
ages-leo,2,state_at+ecef+look_angles,LEO,1,-7,86400,0,0,3,1132395,1132403,1132412,1441,0,0
ages-leo,3,search_satellite,LEO,1,-7,86400,60,5000,3,1176256,1176258,1176278,1489,1,6
ages-leo,4,state_at+ecef+look_angles,LEO,1,-1,86400,0,0,3,1130375,1130383,1130393,1441,0,0
ages-leo,5,search_satellite,LEO,1,-1,86400,60,5000,3,1161432,1161462,1161462,1473,1,4
ages-leo,6,state_at+ecef+look_angles,LEO,1,0,86400,0,0,3,1128320,1128328,1128338,1441,0,0
ages-leo,7,search_satellite,LEO,1,0,86400,60,5000,3,1178035,1178064,1178064,1497,1,7
ages-leo,8,state_at+ecef+look_angles,LEO,1,1,86400,0,0,3,1129089,1129096,1129106,1441,0,0
ages-leo,9,search_satellite,LEO,1,1,86400,60,5000,3,1172835,1172837,1172857,1489,1,6
ages-leo,10,state_at+ecef+look_angles,LEO,1,7,86400,0,0,3,1122593,1122601,1122612,1441,0,0
ages-leo,11,search_satellite,LEO,1,7,86400,60,5000,3,1159630,1159658,1159659,1481,1,5
ages-leo,12,state_at+ecef+look_angles,LEO,1,30,86400,0,0,3,1107789,1107797,1107806,1441,0,0
ages-leo,13,search_satellite,LEO,1,30,86400,60,5000,3,1143940,1143971,1143971,1481,1,5
ages-heo,0,state_at+ecef+look_angles,resonant-HEO,1,-30,86400,0,0,3,20919721,20919767,20919832,1441,0,0
ages-heo,1,search_satellite,resonant-HEO,1,-30,86400,60,5000,3,21016606,21016614,21016644,1449,1,2
ages-heo,2,state_at+ecef+look_angles,resonant-HEO,1,-7,86400,0,0,3,6588074,6588114,6588184,1441,0,0
ages-heo,3,search_satellite,resonant-HEO,1,-7,86400,60,5000,3,6613524,6620326,6621176,1449,1,1
ages-heo,4,state_at+ecef+look_angles,resonant-HEO,1,-1,86400,0,0,3,2819835,2820701,2821904,1441,0,0
ages-heo,5,search_satellite,resonant-HEO,1,-1,86400,60,5000,3,2848510,2848513,2848523,1449,1,1
ages-heo,6,state_at+ecef+look_angles,resonant-HEO,1,0,86400,0,0,3,2317441,2317802,2318632,1441,0,0
ages-heo,7,search_satellite,resonant-HEO,1,0,86400,60,5000,3,2352098,2352106,2352132,1449,1,1
ages-heo,8,state_at+ecef+look_angles,resonant-HEO,1,1,86400,0,0,3,2835375,2836391,2838687,1441,0,0
ages-heo,9,search_satellite,resonant-HEO,1,1,86400,60,5000,3,2836286,2836294,2836299,1449,1,1
ages-heo,10,state_at+ecef+look_angles,resonant-HEO,1,7,86400,0,0,3,6568347,6571409,6571762,1441,0,0
ages-heo,11,search_satellite,resonant-HEO,1,7,86400,60,5000,3,6592776,6592782,6592790,1449,1,1
ages-heo,12,state_at+ecef+look_angles,resonant-HEO,1,30,86400,0,0,3,20902285,20905122,20905675,1441,0,0
ages-heo,13,search_satellite,resonant-HEO,1,30,86400,60,5000,3,21002758,21002767,21002782,1449,1,1
ages-geo,0,state_at+ecef+look_angles,GEO,1,-30,86400,0,0,3,7515561,7515603,7515647,1441,0,0
ages-geo,1,search_satellite,GEO,1,-30,86400,60,5000,3,7521150,7521279,7521316,1441,1,0
ages-geo,2,state_at+ecef+look_angles,GEO,1,-7,86400,0,0,3,3147990,3148008,3148066,1441,0,0
ages-geo,3,search_satellite,GEO,1,-7,86400,60,5000,3,3153566,3153744,3153757,1441,1,0
ages-geo,4,state_at+ecef+look_angles,GEO,1,-1,86400,0,0,3,2081856,2081903,2081942,1441,0,0
ages-geo,5,search_satellite,GEO,1,-1,86400,60,5000,3,2087433,2087602,2087621,1441,1,0
ages-geo,6,state_at+ecef+look_angles,GEO,1,0,86400,0,0,3,1936097,1936146,1936183,1441,0,0
ages-geo,7,search_satellite,GEO,1,0,86400,60,5000,3,1941674,1941862,1941864,1441,1,0
ages-geo,8,state_at+ecef+look_angles,GEO,1,1,86400,0,0,3,2042737,2042785,2042823,1441,0,0
ages-geo,9,search_satellite,GEO,1,1,86400,60,5000,3,2048312,2048503,2048505,1441,1,0
ages-geo,10,state_at+ecef+look_angles,GEO,1,7,86400,0,0,3,3151287,3151337,3151376,1441,0,0
ages-geo,11,search_satellite,GEO,1,7,86400,60,5000,3,3243916,3244086,3244092,1441,1,0
ages-geo,12,state_at+ecef+look_angles,GEO,1,30,86400,0,0,3,7680484,7680524,7680563,1441,0,0
ages-geo,13,search_satellite,GEO,1,30,86400,60,5000,3,7773137,7773296,7773298,1441,1,1
ages-gnss,0,state_at+ecef+look_angles,GNSS,1,-30,86400,0,0,3,1573473,1573702,1575197,1441,0,0
ages-gnss,1,search_satellite,GNSS,1,-30,86400,60,5000,3,1587767,1587784,1587788,1449,1,1
ages-gnss,2,state_at+ecef+look_angles,GNSS,1,-7,86400,0,0,3,1544299,1544550,1546047,1441,0,0
ages-gnss,3,search_satellite,GNSS,1,-7,86400,60,5000,3,1558446,1558460,1558461,1449,1,1
ages-gnss,4,state_at+ecef+look_angles,GNSS,1,-1,86400,0,0,3,1571058,1571303,1572800,1441,0,0
ages-gnss,5,search_satellite,GNSS,1,-1,86400,60,5000,3,1585350,1585369,1585369,1449,1,1
ages-gnss,6,state_at+ecef+look_angles,GNSS,1,0,86400,0,0,3,1571765,1572005,1573502,1441,0,0
ages-gnss,7,search_satellite,GNSS,1,0,86400,60,5000,3,1586215,1586232,1586232,1449,1,1
ages-gnss,8,state_at+ecef+look_angles,GNSS,1,1,86400,0,0,3,1572921,1573166,1574663,1441,0,0
ages-gnss,9,search_satellite,GNSS,1,1,86400,60,5000,3,1587369,1587378,1587389,1449,1,1
ages-gnss,10,state_at+ecef+look_angles,GNSS,1,7,86400,0,0,3,1569038,1569281,1570778,1441,0,0
ages-gnss,11,search_satellite,GNSS,1,7,86400,60,5000,3,1583463,1583482,1583482,1449,1,1
ages-gnss,12,state_at+ecef+look_angles,GNSS,1,30,86400,0,0,3,1595271,1595512,1597009,1441,0,0
ages-gnss,13,search_satellite,GNSS,1,30,86400,60,5000,3,1653481,1653485,1653489,1449,1,1
search-leo,0,search_satellite,LEO,1,0,3600,5,250,3,579217,579224,579227,731,1,1
search-leo,1,search_satellite,LEO,1,0,3600,5,5000,3,571612,571651,571651,721,1,1
search-leo,2,search_satellite,LEO,1,0,3600,30,250,3,106590,106602,106623,135,1,1
search-leo,3,search_satellite,LEO,1,0,3600,30,5000,3,100530,100570,100570,127,1,1
search-leo,4,search_satellite,LEO,1,0,3600,60,250,3,60575,60614,60614,77,1,1
search-leo,5,search_satellite,LEO,1,0,3600,60,5000,3,54519,54557,54558,69,1,1
search-leo,6,search_satellite,LEO,1,0,86400,5,250,3,13657854,13657893,13657894,17351,1,7
search-leo,7,search_satellite,LEO,1,0,86400,5,5000,3,13602810,13602823,13602842,17281,1,7
search-leo,8,search_satellite,LEO,1,0,86400,30,250,3,2344471,2344509,2344510,2979,1,7
search-leo,9,search_satellite,LEO,1,0,86400,30,5000,3,2300441,2300480,2300480,2923,1,7
search-leo,10,search_satellite,LEO,1,0,86400,60,250,3,1222055,1222093,1222093,1553,1,7
search-leo,11,search_satellite,LEO,1,0,86400,60,5000,3,1178025,1178064,1178064,1497,1,7
search-heo,0,search_satellite,resonant-HEO,1,0,3600,5,250,3,1186907,1186937,1187242,721,1,0
search-heo,1,search_satellite,resonant-HEO,1,0,3600,5,5000,3,1186909,1186948,1187239,721,1,0
search-heo,2,search_satellite,resonant-HEO,1,0,3600,30,250,3,199421,199458,199507,121,1,0
search-heo,3,search_satellite,resonant-HEO,1,0,3600,30,5000,3,199420,199460,199503,121,1,0
search-heo,4,search_satellite,resonant-HEO,1,0,3600,60,250,3,100715,100748,100770,61,1,0
search-heo,5,search_satellite,resonant-HEO,1,0,3600,60,5000,3,100712,100747,100772,61,1,0
search-heo,6,search_satellite,resonant-HEO,1,0,86400,5,250,3,28303830,28313654,28314145,17291,1,1
search-heo,7,search_satellite,resonant-HEO,1,0,86400,5,5000,3,28296959,28297177,28297448,17281,1,1
search-heo,8,search_satellite,resonant-HEO,1,0,86400,30,250,3,4741102,4741108,4741231,2895,1,1
search-heo,9,search_satellite,resonant-HEO,1,0,86400,30,5000,3,4728062,4728109,4728174,2887,1,1
search-heo,10,search_satellite,resonant-HEO,1,0,86400,60,250,3,2392572,2392580,2392633,1457,1,1
search-heo,11,search_satellite,resonant-HEO,1,0,86400,60,5000,3,2379511,2379523,2379585,1449,1,1
search-geo,0,search_satellite,GEO,1,0,3600,5,250,3,991534,991611,991629,721,1,0
search-geo,1,search_satellite,GEO,1,0,3600,5,5000,3,991506,991633,991639,721,1,0
search-geo,2,search_satellite,GEO,1,0,3600,30,250,3,166550,166678,166682,121,1,0
search-geo,3,search_satellite,GEO,1,0,3600,30,5000,3,166551,166678,166678,121,1,0
search-geo,4,search_satellite,GEO,1,0,3600,60,250,3,84071,84202,84204,61,1,0
search-geo,5,search_satellite,GEO,1,0,3600,60,5000,3,84070,84199,84204,61,1,0
search-geo,6,search_satellite,GEO,1,0,86400,5,250,3,23286428,23286641,23286642,17281,1,0
search-geo,7,search_satellite,GEO,1,0,86400,5,5000,3,23286442,23286641,23286643,17281,1,0
search-geo,8,search_satellite,GEO,1,0,86400,30,250,3,3881655,3881862,3881863,2881,1,0
search-geo,9,search_satellite,GEO,1,0,86400,30,5000,3,3881647,3881857,3881859,2881,1,0
search-geo,10,search_satellite,GEO,1,0,86400,60,250,3,1941651,1941867,1941870,1441,1,0
search-geo,11,search_satellite,GEO,1,0,86400,60,5000,3,1941651,1941864,1941864,1441,1,0
search-gnss,0,search_satellite,GNSS,1,0,3600,5,250,3,753958,753982,754837,721,1,0
search-gnss,1,search_satellite,GNSS,1,0,3600,5,5000,3,753951,753953,753954,721,1,0
search-gnss,2,search_satellite,GNSS,1,0,3600,30,250,3,126546,126555,126697,121,1,0
search-gnss,3,search_satellite,GNSS,1,0,3600,30,5000,3,126549,126549,126552,121,1,0
search-gnss,4,search_satellite,GNSS,1,0,3600,60,250,3,63820,63825,63897,61,1,0
search-gnss,5,search_satellite,GNSS,1,0,3600,60,5000,3,63820,63822,63826,61,1,0
search-gnss,6,search_satellite,GNSS,1,0,86400,5,250,3,18931683,18935094,18953219,17291,1,1
search-gnss,7,search_satellite,GNSS,1,0,86400,5,5000,3,18920538,18920558,18920561,17281,1,1
search-gnss,8,search_satellite,GNSS,1,0,86400,30,250,3,3169343,3169927,3172960,2895,1,1
search-gnss,9,search_satellite,GNSS,1,0,86400,30,5000,3,3160568,3160576,3160591,2887,1,1
search-gnss,10,search_satellite,GNSS,1,0,86400,60,250,3,1594970,1595279,1596805,1457,1,1
search-gnss,11,search_satellite,GNSS,1,0,86400,60,5000,3,1586205,1586232,1586235,1449,1,1
